est.mauris@egetmagnaSuspendisse.ca,Phillip,Parker,inactive
eleifend.vitae.erat@tellus.co.uk,Vladimir,Bowers,inactive
fringilla@cursusnonegestas.edu,Keane,Pate,inactive
lobortis.nisi@senectus.co.uk,Cade,Rivers,inactive
magnis.dis@velfaucibusid.co.uk,Herman,Walter,inactive
et.rutrum.eu@disparturientmontes.org,Orson,Rush,inactive
feugiat.placerat.velit@et.net,Dennis,Higgins,inactive
Donec.nibh.enim@blanditviverra.edu,Jameson,Hart,inactive
a.ultricies.adipiscing@gravidamaurisut.net,Rooney,Cameron,inactive
dictum.mi.ac@vitaediam.org,Robert,Harper,inactive
Integer.vitae@duilectusrutrum.co.uk,Ashton,Ewing,inactive
pharetra@elitpharetraut.org,Dominic,Brock,inactive
massa@vitae.ca,Benjamin,Jenkins,inactive
malesuada.vel@ullamcorperDuisat.org,Vance,Nichols,inactive
lorem.sit@faucibusorci.ca,Cullen,Washington,inactive
sem@Phasellusat.co.uk,Hayden,Wong,inactive
Integer.sem.elit@tincidunt.org,Hilel,Bowen,inactive
orci.luctus@imperdietdictum.co.uk,Mufutau,Owen,inactive
nec@aultricies.ca,Carlos,Baldwin,inactive
velit@anteNuncmauris.net,Kadeem,Knapp,inactive
ligula@ami.edu,Stephen,Willis,inactive
dictum.mi.ac@ametloremsemper.net,Duncan,Reed,inactive
cursus@acrisusMorbi.org,Colorado,Salazar,inactive
diam.eu@aliquetmolestietellus.com,Nathan,Wyatt,inactive
Aliquam.rutrum.lorem@lectusrutrum.com,Uriah,Gallegos,inactive
luctus.ipsum@lacusAliquamrutrum.ca,Tarik,Wilder,inactive
elit@Quisquenonummy.net,Coby,Battle,inactive
faucibus@justofaucibus.net,Herman,Butler,inactive
leo.Vivamus.nibh@euelitNulla.net,Nathaniel,Patton,inactive
Mauris@aliquetdiam.com,Adrian,Luna,inactive
magna.Phasellus@orci.net,Aristotle,Little,inactive
sit@Nuncpulvinar.com,Fitzgerald,Grant,inactive
vehicula.et@malesuada.net,Ronan,Rutledge,inactive
nulla@egetmetuseu.co.uk,Wing,Moss,inactive
tempor.erat.neque@scelerisque.net,Griffin,Frazier,inactive
Fusce.feugiat@egestashendrerit.net,Herrod,Cameron,inactive
tincidunt.pede.ac@necorciDonec.net,Matthew,Boyer,inactive
porta.elit.a@consectetuer.com,Samson,Padilla,inactive
imperdiet.erat.nonummy@disparturientmontes.org,Barry,Kaufman,inactive
risus@odio.com,Oliver,Wallace,inactive
urna@posuereenim.edu,Lucius,Houston,inactive
ante@Inscelerisque.edu,Wesley,Gonzalez,inactive
commodo.tincidunt.nibh@Phasellusin.edu,Lars,Decker,inactive
primis.in@Sednulla.co.uk,Moses,Kirk,inactive
elit.a.feugiat@Phasellus.net,Alvin,Valentine,inactive
risus.Nulla@nonlaciniaat.ca,Warren,Travis,inactive
dignissim@Fuscemollis.net,Maxwell,Flores,inactive
Curae@metusvitae.ca,Camden,Howe,inactive
odio.vel.est@Mauris.org,Keane,Roberson,inactive
ultrices@vitaepurus.edu,Josiah,Landry,inactive
eget.ipsum.Suspendisse@congueIn.co.uk,Travis,Alston,inactive
ullamcorper@dignissim.com,George,Combs,inactive
placerat@sociisnatoque.edu,Marvin,Berg,inactive
eget.mollis.lectus@convallis.co.uk,Axel,House,inactive
ac.mattis@perconubianostra.com,Addison,Hoffman,inactive
ut.lacus@necorciDonec.net,Tanek,Merritt,inactive
Nulla.tempor.augue@massanonante.com,Beck,Atkinson,inactive
primis.in@euismod.com,Donovan,Bates,inactive
In@dignissimlacusAliquam.ca,Kenneth,Alvarado,inactive
enim@nec.ca,Denton,Poole,inactive
arcu.et@eleifendnunc.ca,Raymond,Cruz,inactive
Nulla.interdum.Curabitur@rutrumeu.com,Ulysses,Sampson,inactive
Vestibulum.ante.ipsum@semperrutrum.co.uk,Josiah,Riley,inactive
Nunc.mauris@elit.co.uk,Alfonso,Stanton,inactive
sit@nonluctussit.net,Paul,Calhoun,inactive
suscipit.est@Quisque.edu,Christian,Humphrey,inactive
Quisque.porttitor@mauris.ca,Daquan,Barnes,inactive
dictum@luctusfelispurus.net,Elijah,Lopez,inactive
ligula@egestashendrerit.com,Phelan,Jennings,inactive
vitae@Etiam.edu,Griffith,Head,inactive
metus.sit.amet@euodio.net,Hall,Bauer,inactive
erat.eget@nonsapienmolestie.com,Hayes,Mcgowan,inactive
habitant.morbi.tristique@elementum.co.uk,Jackson,Adkins,inactive
ultrices.posuere@eu.com,Zachary,Calhoun,inactive
vel.arcu@vehicula.org,Russell,Bean,inactive
mauris.aliquam@asollicitudin.net,Simon,Valentine,inactive
elit@ornare.ca,Victor,Greer,inactive
ligula.Nullam@vel.ca,Elijah,Morris,inactive
Nullam.vitae.diam@non.co.uk,Hammett,Wilder,inactive
Aliquam.auctor@sedfacilisisvitae.edu,James,Castaneda,inactive
nec.tempus.mauris@nonbibendum.co.uk,Henry,Gilliam,inactive
Pellentesque.habitant.morbi@indolorFusce.co.uk,Brian,Ewing,inactive
a@adipiscing.org,William,Taylor,inactive
imperdiet.non@Nuncac.net,Derek,Morgan,inactive
eu.neque@nibh.edu,Samson,Morrow,inactive
nec@odioAliquam.co.uk,Tate,Reynolds,inactive
orci@nondui.com,Chaim,Holman,inactive
eget.varius.ultrices@lobortis.ca,Hu,Mcknight,inactive
vestibulum@etlaciniavitae.org,Prescott,Bullock,inactive
nunc.Quisque@euismodurna.org,Carter,Mccoy,inactive
Quisque.imperdiet.erat@montesnasceturridiculus.com,Bruno,Cash,inactive
et.malesuada@nunc.co.uk,Chester,Gomez,inactive
ultricies@magnaSuspendisse.co.uk,Kato,Soto,inactive
risus@nislsem.ca,Oscar,Chavez,inactive
eros.Proin.ultrices@malesuadavelconvallis.com,Lucius,Meyers,inactive
Donec.porttitor.tellus@justoPraesentluctus.com,Devin,Barron,inactive
accumsan.neque.et@acmetusvitae.org,Nicholas,Sosa,inactive
urna.et@lectusNullam.edu,Barclay,Hoffman,inactive
Nulla@elitfermentumrisus.edu,Alvin,Perry,inactive
aliquet.magna@ante.edu,Hiram,Oliver,inactive
